Torch Seed,Data Seed,MLP Seed,Iter0 R2,Iter0 RMSE,Iter0 Spearman,Iter1 R2,Iter1 RMSE,Iter1 Spearman,Iter2 R2,Iter2 RMSE,Iter2 Spearman,Iter3 R2,Iter3 RMSE,Iter3 Spearman
59,76,179,0.5950847864151001,0.6350877,0.7880036305062214,0.6169010996818542,0.617742,0.7940112451283268,0.6283285021781921,0.60845894,0.7959708784703541,0.6174702048301697,0.6172829,0.7893852171672017
