Torch Seed,Data Seed,MLP Seed,Iter0 R2,Iter0 RMSE,Iter0 Spearman,Iter1 R2,Iter1 RMSE,Iter1 Spearman,Iter2 R2,Iter2 RMSE,Iter2 Spearman,Iter3 R2,Iter3 RMSE,Iter3 Spearman
59,76,179,0.6061166524887085,0.6924476,0.7932626537224651,0.613593339920044,0.6858442,0.7939090992856885,0.6293521523475647,0.6717132,0.7926443822740528,0.6227560043334961,0.67766386,0.7919297069793373
